{
  "version": "2.0",
  "logging": {
    "applicationInsights": {
      "samplingSettings": {
        "isEnabled": false,
        "excludedTypes": "Request"
      }
    }
  },
  "extensionBundle": {
    "id": "Microsoft.Azure.Functions.ExtensionBundle",
    "version": "[3.3.0, 4.0.0)"
  },
  "customHandler": {
    "description": {
      "defaultExecutablePath": "function.exe",
      "workingDirectory": "",
      "arguments": []
    },
    "enableForwardingHttpRequest": true
  },
  "extensions": {
    "http": {
      "routePrefix": "",
      "maxConcurrentRequests": 10
    }
  }
}
